dataset,stage,metric,mean,ci_lo,ci_hi
EB-NeRD,stage1,auc,0.4846,0.4758,0.4939
EB-NeRD,stage1,mrr,0.3069,0.2997,0.3146
EB-NeRD,stage1,ndcg5,0.3331,0.3241,0.3424
EB-NeRD,stage1,ndcg10,0.4227,0.4156,0.4302
EB-NeRD,stage2,auc,0.6957,0.6881,0.7036
EB-NeRD,stage2,mrr,0.4578,0.4493,0.4664
EB-NeRD,stage2,ndcg5,0.5172,0.5078,0.5265
EB-NeRD,stage2,ndcg10,0.5683,0.5607,0.5761
MIND,stage1,auc,0.561,0.5527,0.5694
MIND,stage1,mrr,0.3038,0.2949,0.3138
MIND,stage1,ndcg5,0.2782,0.2688,0.2885
MIND,stage1,ndcg10,0.342,0.3335,0.3516
MIND,stage2,auc,0.6067,0.5991,0.6152
MIND,stage2,mrr,0.3264,0.3176,0.3366
MIND,stage2,ndcg5,0.3025,0.2935,0.3132
MIND,stage2,ndcg10,0.3669,0.3583,0.3767
